name;category;numDev;conflict;conflictDS;conflictCL;conflictsIFP;hasConflictsJava;hasConflictsNonJava
rev_0d995-ed768;oneDev;1;0;0;0;0;false;false
rev_b0104-4d5d6;oneDev;1;0;0;0;0;false;false
rev_e2463-cd5b1;oneDev;1;0;0;0;0;false;false
rev_481c5-c84fb;oneDev;1;0;0;0;0;false;false
rev_c5896-547ae;twoDevs;2;0;0;0;0;false;true
rev_715a9-5f5d7;twoDevs;2;0;0;0;0;false;false
rev_9c25b-751f3;twoDevs;2;0;0;0;0;false;false
rev_0f80b-efe65;twoDevs;2;0;0;0;0;false;false
rev_2b920-ca25d;twoDevs;2;0;0;0;0;false;false
rev_cd342-9e60f;twoDevs;2;0;0;0;0;false;false
rev_6d9b5-677b1;twoDevs;2;1;0;0;0;true;false
rev_1b357-ed1a0;twoDevs;2;0;0;0;0;false;false
rev_78afb-fd285;twoDevs;2;0;0;0;0;false;false
rev_59bfb-509ae;twoDevs;2;0;0;0;0;false;false
rev_61b63-e8b76;twoDevs;2;0;0;0;0;false;false
rev_ecca6-df013;twoDevs;2;0;0;0;0;false;false
rev_089d3-2f15b;twoDevs;2;0;0;0;0;false;false
rev_08e61-0ce3a;twoDevs;2;0;0;0;0;false;false
rev_d1f67-26fe2;twoDevs;2;0;0;0;0;false;false
rev_b03a6-79111;twoDevs;2;0;0;0;0;false;false
rev_f3d7f-37f66;twoDevs;2;0;0;0;0;false;false
rev_78ec9-2854a;twoDevs;2;0;0;0;0;false;false
rev_f0878-c8a33;twoDevs;2;0;0;0;0;false;false
rev_ac929-debe3;twoDevs;2;0;0;0;0;false;false
rev_63f88-5bb43;twoDevs;2;0;0;0;0;false;false
rev_a9fce-028e9;twoDevs;2;0;0;0;0;false;false
rev_db969-596ed;moreThanTwoDevs;3;0;0;0;0;false;false
rev_0634f-f2e67;moreThanTwoDevs;3;0;0;0;0;false;false
rev_47f2f-0af99;moreThanTwoDevs;3;0;0;0;0;false;false
rev_bb28b-bcffb;moreThanTwoDevs;3;0;0;0;0;false;false
rev_cc6e4-8065b;moreThanTwoDevs;6;0;0;0;0;false;true
rev_4d0e3-a93d9;moreThanTwoDevs;7;0;0;0;0;false;true
rev_e2336-db9cc;moreThanTwoDevs;3;0;0;0;0;false;false
rev_9ea7a-5dbf0;moreThanTwoDevs;7;0;0;0;0;false;true
rev_7211e-35a70;twoDevs;2;0;0;0;0;false;false
rev_b474d-ddc76;twoDevs;2;0;0;0;0;false;false
rev_d0b7f-9c041;twoDevs;2;1;0;0;0;true;false
rev_37fec-4550a;twoDevs;2;0;0;0;0;false;false
rev_0d192-df506;moreThanTwoDevs;3;0;0;0;0;false;false
rev_47dd9-e4a18;twoDevs;2;0;0;0;0;false;false
rev_a880c-f1cb7;twoDevs;2;0;0;0;0;false;false
rev_d7cbe-c73a6;moreThanTwoDevs;9;1;0;0;0;true;true
rev_2c65e-57467;moreThanTwoDevs;3;0;0;0;0;false;false
rev_e08b3-51886;twoDevs;2;0;0;0;0;false;false
rev_3fb35-54a43;moreThanTwoDevs;3;0;0;0;0;false;false
rev_7214e-82670;twoDevs;2;0;0;0;0;false;false
rev_0f254-6a6a1;twoDevs;2;0;0;0;0;false;false
rev_e0378-a19c9;moreThanTwoDevs;4;1;0;0;0;true;false
rev_28cc1-67543;moreThanTwoDevs;3;0;0;0;0;false;false
rev_79d12-10bab;twoDevs;2;0;0;0;0;false;false
rev_dd72a-3f25f;moreThanTwoDevs;3;0;0;0;0;false;false
rev_28b70-2f84e;twoDevs;2;0;0;0;0;false;false
rev_3bd0d-fc8ec;twoDevs;2;0;0;0;0;false;false
rev_d3526-0c89f;twoDevs;2;0;0;0;0;false;false
rev_2657c-c77fb;moreThanTwoDevs;3;0;0;0;0;false;false
rev_2a8b3-5bebd;twoDevs;2;0;0;0;0;false;false
rev_853b4-21234;moreThanTwoDevs;4;0;0;0;0;false;false
rev_335a2-4515a;twoDevs;2;0;0;0;0;false;false
rev_75760-e90fc;twoDevs;2;0;0;0;0;false;false
rev_29b06-fdf07;moreThanTwoDevs;3;0;0;0;0;false;false
rev_421b6-2088c;moreThanTwoDevs;3;0;0;0;0;false;false
rev_ccb50-e856b;moreThanTwoDevs;5;0;0;0;0;false;false
rev_62947-d637e;moreThanTwoDevs;7;0;0;0;0;false;false
rev_50a05-e7b1f;moreThanTwoDevs;3;0;0;0;0;false;false
rev_bf5cb-e744d;moreThanTwoDevs;5;0;0;0;0;false;false
rev_c771d-19c59;moreThanTwoDevs;5;0;0;0;0;false;false
rev_0efc2-bc972;moreThanTwoDevs;3;0;0;0;0;false;false
rev_dcd82-40d84;moreThanTwoDevs;3;0;0;0;0;false;false
rev_1e037-77678;moreThanTwoDevs;4;0;0;0;0;false;false
rev_a102c-26e4c;twoDevs;2;0;0;0;0;false;false
rev_17423-39499;moreThanTwoDevs;6;0;0;0;0;false;false
rev_b989f-1758f;moreThanTwoDevs;3;0;0;0;0;false;false
rev_128ce-1cf63;twoDevs;2;0;0;0;0;false;false
rev_9e2e4-f5d4a;twoDevs;2;0;0;0;0;false;false
rev_e958b-2ebee;twoDevs;2;0;0;0;0;false;false
rev_8a5db-a31e0;moreThanTwoDevs;7;0;0;0;0;false;false
rev_d2c0d-9c525;twoDevs;2;0;0;0;0;false;false
rev_54721-ae579;moreThanTwoDevs;4;5;0;0;0;true;false
rev_2c564-2111e;moreThanTwoDevs;3;0;0;0;0;false;false
rev_f3c54-53073;moreThanTwoDevs;3;0;0;0;0;false;false
rev_29c6e-40b54;moreThanTwoDevs;4;0;0;0;0;false;false
rev_84a4a-2ac03;moreThanTwoDevs;5;0;0;0;0;false;false
rev_6472b-71110;moreThanTwoDevs;5;0;0;0;0;false;true
rev_17531-71110;twoDevs;2;0;0;0;0;false;false
rev_e7703-c829f;moreThanTwoDevs;5;0;0;0;0;false;false
rev_c0c6e-4b64b;moreThanTwoDevs;5;0;0;0;0;false;false
rev_07f34-b2db6;moreThanTwoDevs;5;0;0;0;0;false;false
rev_11a0c-630f1;moreThanTwoDevs;5;0;0;0;0;false;false
rev_cd9c4-4545f;moreThanTwoDevs;7;0;0;0;0;false;false
rev_54185-e0df8;moreThanTwoDevs;6;0;0;0;0;false;false
rev_fc1bf-d5bed;moreThanTwoDevs;6;1;1;1;1;true;false
rev_d5bed-a2f9a;moreThanTwoDevs;7;3;0;3;0;true;true
rev_37f87-30b86;moreThanTwoDevs;6;0;0;0;0;false;false
rev_9d429-97b0d;moreThanTwoDevs;4;0;0;0;0;false;false
rev_d91b2-18323;moreThanTwoDevs;5;0;0;0;0;false;false
rev_18323-1cb5f;moreThanTwoDevs;8;0;0;0;0;false;false
rev_2db5e-91008;moreThanTwoDevs;4;2;0;0;0;true;false
rev_91008-a70e3;moreThanTwoDevs;8;0;0;0;0;false;false
rev_6aa39-dbd08;moreThanTwoDevs;7;0;0;0;0;false;false
rev_efc5f-18fb6;moreThanTwoDevs;8;0;0;0;0;false;false
rev_7f85f-72fc3;moreThanTwoDevs;4;0;0;0;0;false;false
rev_5ea05-72fc3;moreThanTwoDevs;5;0;0;0;0;false;false
rev_72fc3-59cdd;moreThanTwoDevs;8;0;0;0;0;false;false
rev_28c4e-4df81;twoDevs;2;0;0;0;0;false;false
rev_96d39-d0254;moreThanTwoDevs;8;1;0;0;0;true;false
rev_1adea-7dd6b;moreThanTwoDevs;3;0;0;0;0;false;false
rev_ef410-f1126;twoDevs;2;0;0;0;0;false;false
rev_01acf-eaa1c;moreThanTwoDevs;6;0;0;0;0;false;false
rev_43ea8-7f25e;moreThanTwoDevs;4;0;0;0;0;false;false
rev_e9503-7af10;moreThanTwoDevs;5;0;0;0;0;false;false
rev_5e700-7af10;moreThanTwoDevs;3;0;0;0;0;false;false
rev_96ad4-2b753;moreThanTwoDevs;4;0;0;0;0;false;false
rev_5c13e-f32af;moreThanTwoDevs;7;2;0;0;0;true;false
rev_1a802-7a5e9;moreThanTwoDevs;3;0;0;0;0;false;false
rev_a7563-dbb9e;moreThanTwoDevs;3;0;0;0;0;false;false
rev_c6eaf-134cc;twoDevs;2;0;0;0;0;false;false
rev_86087-6bf30;moreThanTwoDevs;3;0;0;0;0;false;false
rev_784d5-faa82;moreThanTwoDevs;8;0;0;0;0;false;false
rev_d6fef-673d3;moreThanTwoDevs;3;0;0;0;0;false;false
rev_bf97f-fe439;moreThanTwoDevs;3;0;0;0;0;false;false
rev_87739-7c3a8;twoDevs;2;0;0;0;0;false;false
rev_94152-7e7f1;moreThanTwoDevs;4;0;0;0;0;false;false
rev_d722f-33d80;moreThanTwoDevs;3;0;0;0;0;false;false
rev_1f2e3-c1a43;moreThanTwoDevs;5;0;0;0;0;false;false
rev_1f302-6d42e;moreThanTwoDevs;5;0;0;0;0;false;false
rev_fda03-3da09;moreThanTwoDevs;3;0;0;0;0;false;false
rev_499e8-86455;moreThanTwoDevs;3;0;0;0;0;false;false
rev_f922a-392af;moreThanTwoDevs;7;0;0;0;0;false;false
rev_03dce-889a0;moreThanTwoDevs;3;0;0;0;0;false;false
rev_87ccc-ee821;moreThanTwoDevs;4;0;0;0;0;false;false
rev_412be-67234;moreThanTwoDevs;8;3;0;0;0;true;false
rev_37278-f019a;twoDevs;2;0;0;0;0;false;false
rev_0634a-dd956;moreThanTwoDevs;7;0;0;0;0;false;true
rev_6cb44-b636a;moreThanTwoDevs;4;0;0;0;0;false;false
rev_89ccc-92944;oneDev;1;0;0;0;0;false;false
rev_2a440-89d6a;oneDev;1;0;0;0;0;false;false
rev_89175-41423;oneDev;1;0;0;0;0;false;false
rev_0d5dd-92c35;oneDev;1;0;0;0;0;false;false
rev_6bdfe-80e03;oneDev;1;0;0;0;0;false;false
rev_2aa1e-28dde;twoDevs;2;0;0;0;0;false;false
rev_d8f2e-28dde;moreThanTwoDevs;3;0;0;0;0;false;false
rev_bee9a-cd020;moreThanTwoDevs;4;0;0;0;0;false;false
rev_cd020-831fa;moreThanTwoDevs;3;0;0;0;0;false;true
rev_3d23b-cd020;moreThanTwoDevs;7;0;0;0;0;false;true
rev_2dd5e-fc2c5;moreThanTwoDevs;3;0;0;0;0;false;false
rev_fc2c5-2dd5e;moreThanTwoDevs;3;0;0;0;0;false;false
rev_83fe0-e6292;moreThanTwoDevs;3;0;0;0;0;false;false
rev_d9192-6ac29;moreThanTwoDevs;5;0;0;0;0;false;true
rev_64d61-6ac29;moreThanTwoDevs;5;0;0;0;0;false;false
rev_60cb3-91894;moreThanTwoDevs;4;0;0;0;0;false;false
rev_b0dd8-91894;moreThanTwoDevs;4;0;0;0;0;false;true
rev_13ed0-fce3f;moreThanTwoDevs;3;0;0;0;0;false;false
rev_9947e-4e3ba;moreThanTwoDevs;5;0;0;0;0;false;false
rev_540d8-4e3ba;moreThanTwoDevs;5;0;0;0;0;false;true
rev_4e3ba-ea05f;twoDevs;2;0;0;0;0;false;false
rev_53c35-b01a9;moreThanTwoDevs;3;0;0;0;0;false;false
rev_b01a9-139bc;twoDevs;2;0;0;0;0;false;false
rev_3f288-4d0e6;moreThanTwoDevs;3;0;0;0;0;false;false
rev_fd7f9-b47ec;moreThanTwoDevs;3;0;0;0;0;false;false
rev_763a6-2966f;twoDevs;2;0;0;0;0;false;false
rev_edee4-f0a9b;twoDevs;2;0;0;0;0;false;false
rev_70fc3-2cf8c;moreThanTwoDevs;5;0;0;0;0;false;false
rev_2cf8c-55e8a;moreThanTwoDevs;4;0;0;0;0;false;false
rev_debba-53f31;moreThanTwoDevs;5;0;0;0;0;false;false
rev_91cec-2fd55;moreThanTwoDevs;3;0;0;0;0;false;false
rev_2fd55-d3d01;moreThanTwoDevs;3;0;0;0;0;false;true
rev_d7507-4d947;moreThanTwoDevs;3;0;0;0;0;false;false
rev_2fa9c-4f93a;moreThanTwoDevs;6;0;0;0;0;false;false
rev_4f93a-4cece;moreThanTwoDevs;4;0;0;0;0;false;false
rev_4b8ee-2c944;moreThanTwoDevs;7;15;0;0;0;true;true
rev_13b4b-0c924;moreThanTwoDevs;5;0;0;0;0;false;false
rev_6b621-0582e;moreThanTwoDevs;8;3;0;0;0;true;false
rev_8ecb8-683fa;moreThanTwoDevs;10;15;2;7;2;true;true
rev_683fa-387e9;moreThanTwoDevs;5;0;0;0;0;false;false
rev_eb64a-77bd4;moreThanTwoDevs;8;0;0;0;0;false;false
rev_9232a-77bd4;moreThanTwoDevs;4;0;0;0;0;false;false
rev_d5316-b139b;moreThanTwoDevs;3;0;0;0;0;false;false
rev_b139b-9f1fd;moreThanTwoDevs;5;0;0;0;0;false;true
rev_9d60d-07b95;moreThanTwoDevs;5;0;0;0;0;false;false
rev_30cd5-c0543;moreThanTwoDevs;4;0;0;0;0;false;false
rev_3c610-0dd3f;moreThanTwoDevs;5;0;0;0;0;false;false
rev_77878-0dd3f;moreThanTwoDevs;4;0;0;0;0;false;false
rev_b3bae-a10ec;moreThanTwoDevs;3;0;0;0;0;false;false
rev_e9fe1-44a44;moreThanTwoDevs;7;1;0;1;0;true;true
rev_444c2-1141a;moreThanTwoDevs;5;0;0;0;0;false;false
rev_c7864-32e0d;moreThanTwoDevs;7;0;0;0;0;false;false
rev_8fc6b-04b1e;moreThanTwoDevs;8;1;0;0;0;true;true
rev_8ae32-36cdf;moreThanTwoDevs;3;0;0;0;0;false;false
rev_b58bc-c800f;moreThanTwoDevs;9;3;0;0;0;true;true
rev_f3ae1-c6aff;moreThanTwoDevs;5;0;0;0;0;false;false
rev_fb98e-a76ee;moreThanTwoDevs;8;5;0;0;0;true;false
rev_a76ee-a358c;moreThanTwoDevs;4;0;0;0;0;false;false
rev_c5afd-3b4c0;moreThanTwoDevs;8;0;0;0;0;false;false
rev_3b4c0-79d15;moreThanTwoDevs;5;0;0;0;0;false;false
rev_254a8-87b93;moreThanTwoDevs;8;5;0;2;0;true;false
rev_87b93-e6ec5;moreThanTwoDevs;3;0;0;0;0;false;false
rev_c89e7-1786c;moreThanTwoDevs;6;0;0;0;0;false;false
rev_b0919-8fe5a;moreThanTwoDevs;9;1;0;0;0;true;false
rev_8fe5a-11c48;moreThanTwoDevs;4;0;0;0;0;false;false
rev_1cc29-5373f;moreThanTwoDevs;6;0;0;0;0;false;false
rev_2c15f-010d6;moreThanTwoDevs;6;0;0;0;0;false;false
rev_beb89-d99a3;moreThanTwoDevs;9;2;2;1;1;true;false
rev_75509-02e1e;moreThanTwoDevs;7;0;0;0;0;false;false
rev_eea95-0162d;moreThanTwoDevs;9;0;0;0;0;false;false
rev_af542-b5515;moreThanTwoDevs;5;0;0;0;0;false;false
rev_a0699-0b1e5;moreThanTwoDevs;7;0;0;0;0;false;false
rev_c7a9a-a946c;moreThanTwoDevs;7;0;0;0;0;false;false
rev_3ea7c-3a250;moreThanTwoDevs;9;6;6;0;0;true;false
rev_160d2-2f6c1;moreThanTwoDevs;8;0;0;0;0;false;false
rev_6bbb6-f818a;moreThanTwoDevs;9;0;0;0;0;false;false
rev_58889-948f4;moreThanTwoDevs;3;0;0;0;0;false;false
rev_ccd8f-ff235;moreThanTwoDevs;8;0;0;0;0;false;false
rev_9fe5c-b4a64;moreThanTwoDevs;3;0;0;0;0;false;false
rev_a292e-85107;moreThanTwoDevs;5;10;1;2;0;true;false
rev_afe49-afa94;moreThanTwoDevs;8;0;0;0;0;false;false
rev_ec3be-68c5c;moreThanTwoDevs;9;8;0;0;0;true;true
rev_6e9b3-7eebd;moreThanTwoDevs;8;0;0;0;0;false;true
rev_5a841-f2ec0;moreThanTwoDevs;8;0;0;0;0;false;true
rev_aa54d-2a05a;moreThanTwoDevs;9;0;0;0;0;false;false
rev_ce94e-abb67;moreThanTwoDevs;9;0;0;0;0;false;false
rev_f88d7-3cc77;moreThanTwoDevs;5;0;0;0;0;false;false
rev_478bd-f79b1;moreThanTwoDevs;8;0;0;0;0;false;false
rev_3cc77-6ca35;moreThanTwoDevs;9;2;1;0;0;true;false
rev_6ca35-aec83;moreThanTwoDevs;8;0;0;0;0;false;false
rev_4895e-d4de6;moreThanTwoDevs;9;0;0;0;0;false;false
rev_d4de6-966e4;moreThanTwoDevs;4;0;0;0;0;false;false
rev_d1d44-448b5;moreThanTwoDevs;9;3;0;0;0;true;true
rev_3102b-19ccb;moreThanTwoDevs;8;0;0;0;0;false;false
rev_9cef3-e721f;moreThanTwoDevs;9;5;1;0;0;true;false
rev_7cb67-ec41b;moreThanTwoDevs;6;1;0;0;0;true;false
rev_e721f-45e88;moreThanTwoDevs;8;0;0;0;0;false;false
rev_9e2e8-104d1;moreThanTwoDevs;9;0;0;0;0;false;false
rev_104d1-84370;moreThanTwoDevs;8;0;0;0;0;false;false
rev_40a6e-79168;moreThanTwoDevs;8;0;0;0;0;false;false
rev_db92c-88a67;moreThanTwoDevs;8;0;0;0;0;false;false
rev_3caa3-c836c;moreThanTwoDevs;9;7;0;0;0;true;false
rev_910bc-d1d44;moreThanTwoDevs;3;0;0;0;0;false;false
rev_870df-23d4b;moreThanTwoDevs;6;2;0;0;0;true;false
rev_c836c-69a0d;moreThanTwoDevs;3;0;0;0;0;false;false
rev_6c80c-5ba3c;moreThanTwoDevs;8;1;0;0;0;true;false
rev_d8525-76246;moreThanTwoDevs;8;0;0;0;0;false;false
rev_f4771-862d9;moreThanTwoDevs;9;1;0;0;0;true;false
rev_115ba-472f1;moreThanTwoDevs;5;3;2;0;0;true;false
rev_ad63f-df4c8;moreThanTwoDevs;8;0;0;0;0;false;false
rev_140d0-a1936;moreThanTwoDevs;8;0;0;0;0;false;false
rev_cf811-a23a5;moreThanTwoDevs;9;26;13;0;0;true;false
rev_a23a5-bfd23;moreThanTwoDevs;8;0;0;0;0;false;false
rev_80b55-d42b8;moreThanTwoDevs;9;0;0;0;0;false;false
rev_50d41-cd08d;moreThanTwoDevs;4;0;0;0;0;false;false
rev_5ec22-3bf24;moreThanTwoDevs;8;0;0;0;0;false;true
rev_38deb-8a32e;moreThanTwoDevs;9;0;0;0;0;false;false
rev_a67bb-564d4;moreThanTwoDevs;7;0;0;0;0;false;false
rev_2817a-564d4;moreThanTwoDevs;4;0;0;0;0;false;false
rev_ea322-bdfaf;moreThanTwoDevs;9;0;0;0;0;false;true
rev_e2ddf-aa3f4;moreThanTwoDevs;10;0;0;0;0;false;true
rev_306ae-0fc15;moreThanTwoDevs;6;0;0;0;0;false;false
rev_e26c6-21064;moreThanTwoDevs;7;0;0;0;0;false;false
rev_298ca-46e41;twoDevs;2;2;0;2;0;true;false
rev_d5fd0-ddcbd;moreThanTwoDevs;9;0;0;0;0;false;false
rev_785dd-036cb;moreThanTwoDevs;8;0;0;0;0;false;false
rev_ddcbd-2bc93;moreThanTwoDevs;9;0;0;0;0;false;true
rev_2bc93-a80b2;moreThanTwoDevs;8;0;0;0;0;false;false
rev_95e72-13df7;moreThanTwoDevs;9;0;0;0;0;false;false
rev_53756-9729a;moreThanTwoDevs;6;2;0;0;0;true;false
rev_65b56-30f1a;moreThanTwoDevs;6;0;0;0;0;false;false
rev_a0eb0-9bb1b;moreThanTwoDevs;8;0;0;0;0;false;true
rev_c33e5-a8b8c;moreThanTwoDevs;9;0;0;0;0;false;false
rev_ddf6d-0dad8;moreThanTwoDevs;6;6;0;0;0;true;false
rev_4ae0c-78667;moreThanTwoDevs;7;0;0;0;0;false;true
rev_2aba2-23462;moreThanTwoDevs;6;0;0;0;0;false;false
rev_b51dc-b641e;moreThanTwoDevs;6;0;0;0;0;false;false
rev_60099-389e5;moreThanTwoDevs;8;54;53;7;7;true;true
rev_0b1e1-b9486;twoDevs;2;33;33;5;5;true;true
rev_2fe58-78f09;moreThanTwoDevs;9;481;471;115;115;true;true
rev_bd2ce-d7549;moreThanTwoDevs;4;0;0;0;0;false;false
rev_bf2f2-edfe7;moreThanTwoDevs;4;0;0;0;0;false;false
rev_15eea-b01db;twoDevs;2;0;0;0;0;false;false
rev_755c8-5162a;moreThanTwoDevs;9;0;0;0;0;false;false
rev_89ad9-7a723;moreThanTwoDevs;11;0;0;0;0;false;true
rev_92286-8e8b6;moreThanTwoDevs;3;0;0;0;0;false;false
rev_7edbb-92286;moreThanTwoDevs;10;73;73;11;11;true;true
rev_49c6d-43b2e;moreThanTwoDevs;10;0;0;0;0;false;false
rev_11959-cc403;moreThanTwoDevs;8;0;0;0;0;false;false
rev_e36f7-33f14;twoDevs;2;0;0;0;0;false;false
rev_153f2-e9527;twoDevs;2;0;0;0;0;false;false
rev_0ab49-47f93;twoDevs;2;0;0;0;0;false;false
rev_06e75-1e953;moreThanTwoDevs;3;0;0;0;0;false;false
rev_49adb-70a10;moreThanTwoDevs;8;1;0;1;0;true;false
rev_7a723-c6a93;moreThanTwoDevs;9;0;0;0;0;false;false
rev_70a10-c5802;moreThanTwoDevs;11;15;0;2;0;true;false
rev_f2ed6-63641;moreThanTwoDevs;7;0;0;0;0;false;false
rev_c5802-c4750;moreThanTwoDevs;10;0;0;0;0;false;false
rev_24067-7bdd2;moreThanTwoDevs;4;0;0;0;0;false;false
rev_8b047-c4750;moreThanTwoDevs;3;0;0;0;0;false;false
rev_b6876-db00b;moreThanTwoDevs;9;0;0;0;0;false;false
rev_7bdd2-b96f6;moreThanTwoDevs;12;0;0;0;0;false;false
rev_3fd62-ef6a4;moreThanTwoDevs;3;0;0;0;0;false;false
rev_b1447-8ce59;moreThanTwoDevs;3;0;0;0;0;false;false
rev_43653-8ce59;moreThanTwoDevs;9;0;0;0;0;false;false
rev_b389a-2bcd1;moreThanTwoDevs;9;0;0;0;0;false;true
rev_b96f6-81a60;moreThanTwoDevs;9;0;0;0;0;false;false
rev_e8d1a-70f4e;moreThanTwoDevs;12;0;0;0;0;false;true
rev_e8d1a-70f4e;moreThanTwoDevs;12;0;0;0;0;false;true
rev_3543e-c28e4;moreThanTwoDevs;7;0;0;0;0;false;true
rev_677bf-00ae1;moreThanTwoDevs;8;0;0;0;0;false;false
rev_14716-dd11e;moreThanTwoDevs;8;0;0;0;0;false;false
rev_721cf-e5dda;moreThanTwoDevs;9;0;0;0;0;false;true
rev_e3ed0-267b7;moreThanTwoDevs;3;0;0;0;0;false;false
rev_12b10-8800c;moreThanTwoDevs;4;0;0;0;0;false;false
rev_35d5f-63502;moreThanTwoDevs;9;4;0;0;0;true;true
rev_6249c-0a323;moreThanTwoDevs;6;6;0;3;0;true;false
rev_5dd65-61e1b;moreThanTwoDevs;4;0;0;0;0;false;false
rev_9d8ef-03cb2;moreThanTwoDevs;3;0;0;0;0;false;false
rev_0c9cd-fa9e8;moreThanTwoDevs;3;0;0;0;0;false;false
rev_155f8-febe8;moreThanTwoDevs;3;0;0;0;0;false;false
rev_155f8-63a79;moreThanTwoDevs;10;6;1;0;0;true;true
rev_eca86-fe7d1;moreThanTwoDevs;7;0;0;0;0;false;false
rev_227b2-766bc;twoDevs;2;0;0;0;0;false;false
rev_6e602-9bc35;moreThanTwoDevs;5;1;0;0;0;true;false
rev_b3ef5-c1ebf;moreThanTwoDevs;3;0;0;0;0;false;false
rev_b67f2-8a07d;twoDevs;2;1;0;0;0;true;false
rev_51435-3b0f9;twoDevs;2;0;0;0;0;false;false
rev_02aec-0abf9;twoDevs;2;0;0;0;0;false;false
rev_35b15-1399c;twoDevs;2;0;0;0;0;false;false
rev_90735-3acb0;twoDevs;2;0;0;0;0;false;false
rev_cb053-60c8e;moreThanTwoDevs;4;0;0;0;0;false;false
rev_5ffdc-b007b;moreThanTwoDevs;5;1;0;0;0;true;false
rev_81b40-a57fe;moreThanTwoDevs;12;1;0;0;0;true;false
rev_9d1a9-a415a;moreThanTwoDevs;12;6;1;0;0;true;true
rev_e7959-78023;moreThanTwoDevs;11;0;0;0;0;false;false
rev_a415a-c0a74;moreThanTwoDevs;9;0;0;0;0;false;true
rev_31b4b-662ea;moreThanTwoDevs;10;0;0;0;0;false;false
rev_5e9c9-ddc90;twoDevs;2;0;0;0;0;false;false
rev_662ea-8ffde;moreThanTwoDevs;9;0;0;0;0;false;true
rev_18514-50c64;moreThanTwoDevs;10;0;0;0;0;false;false
rev_151b4-6294e;moreThanTwoDevs;10;0;0;0;0;false;false
rev_9aedc-6294e;moreThanTwoDevs;4;0;0;0;0;false;false
rev_f0615-44d1c;moreThanTwoDevs;10;2;0;1;0;true;false
rev_5145d-faed1;moreThanTwoDevs;3;0;0;0;0;false;false
rev_9e4eb-cdd73;twoDevs;2;0;0;0;0;false;false
rev_0f7a8-6e4db;moreThanTwoDevs;4;0;0;0;0;false;false
rev_a39a4-513c8;moreThanTwoDevs;5;1;0;0;0;true;false
rev_61d0c-d86eb;moreThanTwoDevs;5;0;0;0;0;false;false
rev_91316-9fc63;moreThanTwoDevs;6;0;0;0;0;false;false
rev_8cccb-84f4d;moreThanTwoDevs;6;0;0;0;0;false;false
rev_5eda9-796bc;moreThanTwoDevs;6;0;0;0;0;false;false
rev_50c64-af075;moreThanTwoDevs;3;0;0;0;0;false;false
rev_44d1c-e8a6d;moreThanTwoDevs;11;0;0;0;0;false;false
rev_be4be-a8b5c;moreThanTwoDevs;11;1;0;0;0;true;false
rev_eded3-5171f;moreThanTwoDevs;7;0;0;0;0;false;true
rev_34b9d-27f26;moreThanTwoDevs;6;0;0;0;0;false;false
rev_27f26-0b7c9;moreThanTwoDevs;6;0;0;0;0;false;false
rev_64298-641c2;moreThanTwoDevs;7;0;0;0;0;false;false
rev_352fc-d4421;moreThanTwoDevs;6;0;0;0;0;false;false
rev_7631b-96a1a;moreThanTwoDevs;4;0;0;0;0;false;false
rev_8852d-5126b;moreThanTwoDevs;7;0;0;0;0;false;false
rev_5126b-80a39;moreThanTwoDevs;7;0;0;0;0;false;false
rev_01202-e2c21;moreThanTwoDevs;8;0;0;0;0;false;false
rev_0eba9-2553a;moreThanTwoDevs;7;0;0;0;0;false;false
rev_64f28-5fdc0;moreThanTwoDevs;7;0;0;0;0;false;false
rev_280ff-6d165;moreThanTwoDevs;4;0;0;0;0;false;false
rev_adba2-b487e;moreThanTwoDevs;9;3;0;0;0;true;true
rev_f4588-34682;moreThanTwoDevs;8;0;0;0;0;false;false
rev_ad649-558c2;moreThanTwoDevs;8;0;0;0;0;false;false
rev_4da3f-e66ce;moreThanTwoDevs;8;0;0;0;0;false;false
rev_971f1-91117;moreThanTwoDevs;8;0;0;0;0;false;false
rev_2f92f-b8a03;moreThanTwoDevs;8;0;0;0;0;false;false
rev_5566c-cc27c;moreThanTwoDevs;8;1;0;0;0;true;false
rev_f8a74-b1312;moreThanTwoDevs;5;0;0;0;0;false;true
rev_efc71-8c05d;moreThanTwoDevs;8;0;0;0;0;false;false
rev_f8bc0-d88cb;moreThanTwoDevs;8;0;0;0;0;false;false
rev_fc04f-73768;moreThanTwoDevs;8;1;0;0;0;true;false
rev_2290b-a2756;moreThanTwoDevs;8;0;0;0;0;false;false
rev_b595d-51038;moreThanTwoDevs;8;0;0;0;0;false;false
rev_61833-c03ec;moreThanTwoDevs;8;0;0;0;0;false;false
rev_cf0d5-c9b6c;moreThanTwoDevs;8;0;0;0;0;false;false
rev_94952-f4170;moreThanTwoDevs;8;1;0;0;0;true;false
rev_91028-efcf0;moreThanTwoDevs;9;2;0;0;0;true;true
rev_c36ea-eeea3;moreThanTwoDevs;9;0;0;0;0;false;false
rev_abaa4-c3f92;moreThanTwoDevs;9;0;0;0;0;false;false
rev_66bc6-91181;moreThanTwoDevs;9;0;0;0;0;false;false
rev_d8848-181f1;moreThanTwoDevs;9;6;0;2;0;true;false
rev_b3aaf-179c8;moreThanTwoDevs;4;0;0;0;0;false;false
rev_8a9cd-2d596;moreThanTwoDevs;9;0;0;0;0;false;false
rev_9a3fb-178ec;moreThanTwoDevs;9;4;0;0;0;true;false
rev_73a4d-da98c;moreThanTwoDevs;9;0;0;0;0;false;false
rev_49d20-0d8ba;moreThanTwoDevs;9;0;0;0;0;false;false
rev_aa04e-f007c;moreThanTwoDevs;9;20;0;2;0;true;false
rev_ddffc-ab3d1;moreThanTwoDevs;9;2;1;1;0;true;false
rev_40ef5-ab8e8;moreThanTwoDevs;9;1;1;0;0;true;false
rev_c87a0-a2c4f;moreThanTwoDevs;9;3;3;1;1;true;true
rev_e3b1d-9d9db;moreThanTwoDevs;6;0;0;0;0;false;false
rev_d08bb-f3908;moreThanTwoDevs;9;0;0;0;0;false;false
rev_b6c4e-c567e;moreThanTwoDevs;9;0;0;0;0;false;false
rev_c567e-0a343;twoDevs;2;0;0;0;0;false;false
rev_48dc8-c3944;moreThanTwoDevs;9;0;0;0;0;false;false
rev_37fd6-d3cf0;moreThanTwoDevs;9;0;0;0;0;false;false
rev_b98fc-6068a;moreThanTwoDevs;9;0;0;0;0;false;false
rev_d0858-24714;moreThanTwoDevs;9;0;0;0;0;false;false
rev_b71f7-088c8;moreThanTwoDevs;9;0;0;0;0;false;false
rev_1e1c4-8b277;moreThanTwoDevs;9;1;0;0;0;true;false
rev_74aec-96eb3;moreThanTwoDevs;9;1;0;0;0;true;false
rev_c805d-b9027;moreThanTwoDevs;9;0;0;0;0;false;true
rev_8ccbe-a5df1;moreThanTwoDevs;9;0;0;0;0;false;false
rev_bd9cd-644ab;moreThanTwoDevs;9;0;0;0;0;false;false
rev_88f0e-a93b0;moreThanTwoDevs;9;0;0;0;0;false;false
rev_a93b0-5448f;moreThanTwoDevs;3;0;0;0;0;false;false
rev_4a2cf-91cf7;moreThanTwoDevs;6;0;0;0;0;false;false
rev_037e6-a8d0b;moreThanTwoDevs;11;0;0;0;0;false;false
rev_03a83-62110;moreThanTwoDevs;9;1;0;1;0;true;false
rev_3d4cc-0fae0;moreThanTwoDevs;9;0;0;0;0;false;false
rev_d9f8c-d46ed;moreThanTwoDevs;9;0;0;0;0;false;false
rev_e7d97-fb96c;moreThanTwoDevs;9;0;0;0;0;false;false
rev_03fbe-cb5ef;moreThanTwoDevs;9;0;0;0;0;false;false
rev_71c21-6ab99;moreThanTwoDevs;9;7;2;1;0;true;false
rev_9828b-8f002;moreThanTwoDevs;4;0;0;0;0;false;false
rev_3f1cf-0cb01;oneDev;1;1;0;0;0;true;false
rev_0cb01-8df6e;moreThanTwoDevs;9;0;0;0;0;false;false
rev_7796e-48b41;twoDevs;2;0;0;0;0;false;false
rev_0bb6c-a69de;moreThanTwoDevs;5;0;0;0;0;false;false
rev_e31eb-1b373;moreThanTwoDevs;9;0;0;0;0;false;false
rev_08588-c9e01;moreThanTwoDevs;3;0;0;0;0;false;false
rev_5b2c5-ebbbd;moreThanTwoDevs;10;0;0;0;0;false;false
rev_fa862-ba709;twoDevs;2;0;0;0;0;false;false
rev_7bc7b-cfed0;oneDev;1;0;0;0;0;false;false
rev_cfed0-87652;moreThanTwoDevs;10;0;0;0;0;false;false
rev_a1aae-a4b7e;moreThanTwoDevs;10;0;0;0;0;false;false
rev_f9738-2cc81;moreThanTwoDevs;10;0;0;0;0;false;false
rev_b29a5-8cd49;twoDevs;2;0;0;0;0;false;false
rev_fcdc1-baca5;moreThanTwoDevs;3;0;0;0;0;false;false
rev_66258-07dd6;twoDevs;2;0;0;0;0;false;false
rev_0e0f9-12c60;moreThanTwoDevs;11;2;0;1;0;true;true
rev_d84ea-3cb3f;moreThanTwoDevs;5;0;0;0;0;false;false
rev_3cb3f-8c5a6;moreThanTwoDevs;11;0;0;0;0;false;true
rev_c9bc0-71633;moreThanTwoDevs;3;0;0;0;0;false;false
rev_fce68-30f74;moreThanTwoDevs;4;0;0;0;0;false;false
rev_1fe9a-2d600;moreThanTwoDevs;12;0;0;0;0;false;false
rev_b89d9-b2228;moreThanTwoDevs;12;0;0;0;0;false;false
rev_8a34e-5fc81;moreThanTwoDevs;12;0;0;0;0;false;true
rev_7437b-00a7b;moreThanTwoDevs;12;0;0;0;0;false;false
rev_35ce6-35fc9;moreThanTwoDevs;12;0;0;0;0;false;false
rev_550cb-f0643;moreThanTwoDevs;12;2;0;0;0;true;false
rev_1f4d6-fc7f0;moreThanTwoDevs;12;1;0;1;0;true;false
rev_9f8e0-8cb8b;moreThanTwoDevs;12;0;0;0;0;false;true
rev_8c856-700de;moreThanTwoDevs;12;0;0;0;0;false;false
rev_ee99a-9eaa5;moreThanTwoDevs;12;0;0;0;0;false;false
rev_72127-c59f1;moreThanTwoDevs;6;0;0;0;0;false;true
rev_936f3-14468;moreThanTwoDevs;12;0;0;0;0;false;false
rev_b711d-e7a89;moreThanTwoDevs;12;0;0;0;0;false;false
rev_26def-942e9;moreThanTwoDevs;12;0;0;0;0;false;false
rev_942e9-27acf;moreThanTwoDevs;4;0;0;0;0;false;false
rev_424b9-334e2;moreThanTwoDevs;12;0;0;0;0;false;false
rev_19e45-eb6cf;moreThanTwoDevs;12;0;0;0;0;false;false
rev_a9c61-a0a90;moreThanTwoDevs;12;0;0;0;0;false;false
rev_00492-38d9a;moreThanTwoDevs;12;0;0;0;0;false;true
rev_30726-aaa6b;moreThanTwoDevs;3;0;0;0;0;false;false
rev_b9c4c-bcb6c;moreThanTwoDevs;12;0;0;0;0;false;true
rev_6b64c-ee019;moreThanTwoDevs;7;0;0;0;0;false;false
rev_b1a58-32d04;moreThanTwoDevs;3;0;0;0;0;false;false
rev_0340d-a93ca;moreThanTwoDevs;12;33;2;3;0;true;true
rev_fe358-3802d;moreThanTwoDevs;13;1;0;0;0;true;true
rev_fde3b-39251;moreThanTwoDevs;3;0;0;0;0;false;false
rev_e9698-bf076;moreThanTwoDevs;13;1;0;0;0;true;false
rev_7bf4e-ab66e;moreThanTwoDevs;13;1;0;0;0;true;false
rev_b4496-7f32f;moreThanTwoDevs;13;0;0;0;0;false;false
rev_dbf63-8f3da;moreThanTwoDevs;13;0;0;0;0;false;true
rev_19e96-98fda;moreThanTwoDevs;10;0;0;0;0;false;true
rev_b43d2-9565c;moreThanTwoDevs;4;0;0;0;0;false;false
rev_4c3c0-091b3;moreThanTwoDevs;13;1;0;0;0;true;true
rev_db26f-45ce8;moreThanTwoDevs;4;0;0;0;0;false;true
rev_45ce8-60e03;moreThanTwoDevs;3;0;0;0;0;false;false
rev_b27da-941ee;moreThanTwoDevs;7;0;0;0;0;false;false
rev_a0130-dd4b4;moreThanTwoDevs;3;0;0;0;0;false;false
rev_92d30-d896e;moreThanTwoDevs;3;0;0;0;0;false;false
rev_d896e-69210;moreThanTwoDevs;14;6;0;0;0;true;true
rev_6c6a3-66308;moreThanTwoDevs;14;0;0;0;0;false;true
rev_304ae-97fda;moreThanTwoDevs;10;0;0;0;0;false;false
rev_6665d-9a1ae;moreThanTwoDevs;15;1;0;1;0;true;true
rev_0c57f-f87d6;moreThanTwoDevs;7;0;0;0;0;false;false
rev_67a90-53ce8;moreThanTwoDevs;15;0;0;0;0;false;true
rev_5b4ce-be566;moreThanTwoDevs;14;0;0;0;0;false;false
rev_8b613-12f31;moreThanTwoDevs;14;0;0;0;0;false;false
rev_88066-24d46;moreThanTwoDevs;14;0;0;0;0;false;false
rev_08b7a-1eb99;moreThanTwoDevs;14;7;2;2;0;true;false
rev_b2d6b-ef17f;moreThanTwoDevs;5;0;0;0;0;false;false
rev_9aa1b-bd7f9;moreThanTwoDevs;15;0;0;0;0;false;true
rev_5ab59-0006a;moreThanTwoDevs;14;0;0;0;0;false;false
rev_e81d2-0aa22;moreThanTwoDevs;14;0;0;0;0;false;false
rev_e0f63-2958e;moreThanTwoDevs;14;0;0;0;0;false;false
rev_b1a06-0c60e;moreThanTwoDevs;14;0;0;0;0;false;false
rev_f1def-b5b72;moreThanTwoDevs;14;0;0;0;0;false;false
rev_00a8f-a67fe;moreThanTwoDevs;14;1;0;0;0;true;false
rev_a14ab-e2529;moreThanTwoDevs;14;3;0;0;0;true;false
rev_556e4-b7466;moreThanTwoDevs;14;0;0;0;0;false;true
rev_192b8-f561d;moreThanTwoDevs;7;0;0;0;0;false;false
rev_4a729-170f9;moreThanTwoDevs;3;0;0;0;0;false;false
rev_46af2-c2e2a;moreThanTwoDevs;3;0;0;0;0;false;false
rev_c0da9-47617;moreThanTwoDevs;16;0;0;0;0;false;false
rev_3ab54-1fb89;moreThanTwoDevs;16;7;0;0;0;true;true
rev_38cb5-c640f;moreThanTwoDevs;16;0;0;0;0;false;true
rev_474dc-c5cbd;moreThanTwoDevs;16;1;0;0;0;true;false
rev_c1f79-dc58c;moreThanTwoDevs;6;0;0;0;0;false;true
rev_dc58c-6fc50;moreThanTwoDevs;16;0;0;0;0;false;true
rev_c28aa-4ddfd;twoDevs;2;0;0;0;0;false;false
rev_fb0d1-33c4f;moreThanTwoDevs;3;0;0;0;0;false;false
rev_e8f0a-e5ae7;moreThanTwoDevs;16;0;0;0;0;false;false
rev_ed814-0c82f;moreThanTwoDevs;8;0;0;0;0;false;false
rev_9326c-e0e29;moreThanTwoDevs;3;0;0;0;0;false;false
rev_98a05-dd9e7;moreThanTwoDevs;13;4;0;0;0;true;true
rev_208f1-4106f;moreThanTwoDevs;13;1;0;0;0;true;false
rev_f944d-416af;moreThanTwoDevs;16;5;0;2;0;true;false
rev_55312-36287;moreThanTwoDevs;7;0;0;0;0;false;false
rev_7d254-78c39;moreThanTwoDevs;3;0;0;0;0;false;false
rev_78c39-23813;moreThanTwoDevs;13;0;0;0;0;false;false
rev_09c99-4ec35;moreThanTwoDevs;16;1;0;0;0;true;true
rev_a324e-2f00a;moreThanTwoDevs;4;0;0;0;0;false;false
rev_2f00a-03e17;moreThanTwoDevs;3;0;0;0;0;false;false
rev_1ed88-1f8ba;moreThanTwoDevs;16;3;0;1;0;true;true
rev_2a9d3-ffdf8;moreThanTwoDevs;16;1;0;1;0;true;true
rev_0c4ec-17def;moreThanTwoDevs;16;1;0;0;0;true;false
rev_4dff7-d0e64;moreThanTwoDevs;16;1;0;0;0;true;false
rev_5cc5e-945c9;moreThanTwoDevs;16;4;0;1;0;true;false
rev_8234d-903e9;moreThanTwoDevs;5;0;0;0;0;false;false
rev_3b2d7-055e6;moreThanTwoDevs;17;12;0;8;0;true;false
rev_828f0-d805f;moreThanTwoDevs;3;0;0;0;0;false;false
rev_3bdec-1cba6;moreThanTwoDevs;17;1;0;0;0;true;false
rev_f8a9d-016c2;moreThanTwoDevs;11;2;0;0;0;true;true
rev_54b38-6df97;moreThanTwoDevs;10;7;1;4;1;true;false
rev_6df97-470b8;moreThanTwoDevs;9;0;0;0;0;false;false
rev_87c03-41138;moreThanTwoDevs;17;0;0;0;0;false;false
rev_45008-34e92;moreThanTwoDevs;9;0;0;0;0;false;false
rev_6d0dd-75f3b;moreThanTwoDevs;6;1;0;0;0;true;false
rev_a30a8-94fbd;moreThanTwoDevs;17;0;0;0;0;false;true
rev_dae1f-1e349;moreThanTwoDevs;10;0;0;0;0;false;false
rev_1e349-a20a1;moreThanTwoDevs;17;0;0;0;0;false;false
rev_c3af2-c5a3f;moreThanTwoDevs;17;0;0;0;0;false;false
rev_8b01b-4982a;moreThanTwoDevs;8;0;0;0;0;false;false
rev_deccf-8b01b;moreThanTwoDevs;8;0;0;0;0;false;false
rev_00c7c-db987;moreThanTwoDevs;3;0;0;0;0;false;false
rev_4982a-d561c;moreThanTwoDevs;17;0;0;0;0;false;false
rev_db987-2a118;moreThanTwoDevs;8;0;0;0;0;false;false
rev_b148d-93919;moreThanTwoDevs;9;0;0;0;0;false;false
rev_644ef-eb226;moreThanTwoDevs;5;0;0;0;0;false;false
rev_90882-8620b;moreThanTwoDevs;17;0;0;0;0;false;false
rev_eb226-24b9f;moreThanTwoDevs;9;0;0;0;0;false;false
rev_44dd2-26e43;moreThanTwoDevs;4;0;0;0;0;false;false
rev_24b9f-30723;moreThanTwoDevs;17;0;0;0;0;false;false
rev_26e43-5595c;moreThanTwoDevs;8;0;0;0;0;false;false
rev_959f6-8b576;moreThanTwoDevs;3;0;0;0;0;false;false
rev_2f378-fd115;moreThanTwoDevs;17;1;0;0;0;true;true
rev_8b576-440f7;moreThanTwoDevs;8;0;0;0;0;false;false
rev_01f84-b5780;moreThanTwoDevs;4;0;0;0;0;false;false
rev_440f7-bb2c3;moreThanTwoDevs;17;0;0;0;0;false;false
rev_b5780-64897;moreThanTwoDevs;9;0;0;0;0;false;false
rev_846b6-994ef;moreThanTwoDevs;5;0;0;0;0;false;false
rev_ccd99-bd6b8;moreThanTwoDevs;4;0;0;0;0;false;false
rev_f4bec-b2f4b;moreThanTwoDevs;10;0;0;0;0;false;false
rev_d7746-20352;moreThanTwoDevs;7;0;0;0;0;false;false
rev_70ed5-c87cf;moreThanTwoDevs;5;0;0;0;0;false;false
rev_20352-cb2c4;moreThanTwoDevs;9;0;0;0;0;false;true
rev_830bd-2b87c;moreThanTwoDevs;9;0;0;0;0;false;false
rev_d66ed-c4b87;moreThanTwoDevs;9;0;0;0;0;false;false
rev_741e0-9120a;moreThanTwoDevs;5;0;0;0;0;false;false
rev_9120a-381d9;moreThanTwoDevs;9;0;0;0;0;false;false
rev_7be74-b2003;moreThanTwoDevs;4;0;0;0;0;false;false
rev_b2003-ebb69;moreThanTwoDevs;9;0;0;0;0;false;true
rev_0ee3a-94376;moreThanTwoDevs;4;0;0;0;0;false;false
rev_353c8-3da9c;moreThanTwoDevs;4;0;0;0;0;false;false
rev_ebb69-411b9;moreThanTwoDevs;18;0;0;0;0;false;false
rev_b49f4-bbe4c;moreThanTwoDevs;10;0;0;0;0;false;false
rev_e60a6-52054;moreThanTwoDevs;4;0;0;0;0;false;false
rev_d259c-4c45c;moreThanTwoDevs;18;1;0;0;0;true;true
rev_7918b-f01ca;moreThanTwoDevs;18;0;0;0;0;false;false
rev_2204f-3352d;moreThanTwoDevs;10;0;0;0;0;false;false
rev_9b54d-7f477;moreThanTwoDevs;5;0;0;0;0;false;false
rev_feb37-3352d;twoDevs;2;0;0;0;0;false;false
rev_7f477-b3cae;moreThanTwoDevs;10;0;0;0;0;false;false
rev_8d543-45d82;moreThanTwoDevs;3;0;0;0;0;false;false
rev_45d82-ab2c5;moreThanTwoDevs;10;0;0;0;0;false;false
rev_14ecc-5e492;moreThanTwoDevs;5;0;0;0;0;false;false
rev_5e492-f722b;moreThanTwoDevs;10;0;0;0;0;false;false
rev_90a0e-890b0;moreThanTwoDevs;10;0;0;0;0;false;false
rev_e3a17-e1495;moreThanTwoDevs;4;0;0;0;0;false;false
rev_b8b08-928b7;moreThanTwoDevs;10;0;0;0;0;false;false
rev_9e353-76294;moreThanTwoDevs;6;0;0;0;0;false;false
rev_76294-dcd49;moreThanTwoDevs;10;0;0;0;0;false;false
rev_07c79-f63ca;moreThanTwoDevs;4;0;0;0;0;false;false
rev_215ff-ffc04;moreThanTwoDevs;3;0;0;0;0;false;false
rev_cec3f-6b0f8;moreThanTwoDevs;18;0;0;0;0;false;false
rev_6f1e5-ebe2e;moreThanTwoDevs;11;0;0;0;0;false;false
rev_ebe2e-bbb3f;moreThanTwoDevs;18;0;0;0;0;false;false
rev_ce09b-61390;moreThanTwoDevs;11;0;0;0;0;false;false
rev_cc6b7-27a66;moreThanTwoDevs;5;0;0;0;0;false;false
rev_61390-0c21b;moreThanTwoDevs;15;19;3;0;0;true;true
rev_24715-87f73;moreThanTwoDevs;4;0;0;0;0;false;false
rev_2a199-9eb0d;moreThanTwoDevs;15;14;1;1;1;true;true
rev_3b078-3277e;moreThanTwoDevs;15;0;0;0;0;false;false
rev_15e70-639a8;moreThanTwoDevs;19;0;0;0;0;false;false
rev_c6577-4b69e;moreThanTwoDevs;12;0;0;0;0;false;true
rev_9796c-be71d;moreThanTwoDevs;11;0;0;0;0;false;false
rev_be71d-d19d9;moreThanTwoDevs;19;0;0;0;0;false;false
rev_af0e2-dcd3b;moreThanTwoDevs;11;0;0;0;0;false;false
rev_21651-85323;moreThanTwoDevs;15;0;0;0;0;false;true
rev_49bea-e628e;moreThanTwoDevs;15;0;0;0;0;false;true
rev_596ed-9e24c;moreThanTwoDevs;11;1;0;0;0;true;false
rev_bdf19-d56de;moreThanTwoDevs;11;0;0;0;0;false;false
rev_b432b-ff5d7;moreThanTwoDevs;19;0;0;0;0;false;true
rev_bb342-b55ef;twoDevs;2;0;0;0;0;false;false
rev_57304-8535d;moreThanTwoDevs;11;0;0;0;0;false;true
rev_9ec69-04723;moreThanTwoDevs;15;0;0;0;0;false;true
rev_f2d1f-1894f;moreThanTwoDevs;11;0;0;0;0;false;false
rev_4c2b1-8eb2a;moreThanTwoDevs;11;0;0;0;0;false;false
rev_6be2c-d8996;moreThanTwoDevs;5;0;0;0;0;false;false
rev_5467d-74d8e;moreThanTwoDevs;11;0;0;0;0;false;false
rev_c8e97-532e4;moreThanTwoDevs;19;1;0;1;0;true;false
rev_cf207-47fcc;moreThanTwoDevs;19;0;0;0;0;false;false
rev_2dbb5-cf207;moreThanTwoDevs;11;1;0;0;0;true;false
rev_bbb42-803cf;moreThanTwoDevs;11;0;0;0;0;false;false
rev_1b9ea-57a03;moreThanTwoDevs;19;1;0;0;0;true;false
rev_5f414-df3e0;moreThanTwoDevs;19;1;0;0;0;true;true
rev_ebbc6-5cab9;moreThanTwoDevs;19;1;0;0;0;true;false
rev_c49ee-19d13;moreThanTwoDevs;19;1;0;0;0;true;false
rev_b0e4e-721e2;moreThanTwoDevs;11;0;0;0;0;false;true
rev_6f923-f522a;moreThanTwoDevs;11;0;0;0;0;false;true
rev_3bf68-601d0;moreThanTwoDevs;11;0;0;0;0;false;false
rev_601d0-28fea;moreThanTwoDevs;19;1;0;1;0;true;true
rev_c0acb-3f565;moreThanTwoDevs;19;0;0;0;0;false;true
rev_beb91-8eccf;moreThanTwoDevs;11;0;0;0;0;false;true
rev_8eccf-6ea64;moreThanTwoDevs;19;0;0;0;0;false;false
rev_4bb48-7618f;moreThanTwoDevs;7;0;0;0;0;false;true
rev_cf421-d563b;moreThanTwoDevs;11;0;0;0;0;false;false
rev_5aebb-14e3f;moreThanTwoDevs;6;0;0;0;0;false;false
rev_fcb18-9e8c5;moreThanTwoDevs;3;0;0;0;0;false;false
rev_f2f6a-bd668;moreThanTwoDevs;11;0;0;0;0;false;false
rev_b21e8-fa9f4;moreThanTwoDevs;11;0;0;0;0;false;false
rev_c9152-abdbc;moreThanTwoDevs;19;2;1;1;1;true;true
rev_7599d-6c0d3;moreThanTwoDevs;19;0;0;0;0;false;false
rev_f4d7d-efe6f;moreThanTwoDevs;11;0;0;0;0;false;false
rev_efe6f-b97ab;moreThanTwoDevs;19;4;0;0;0;true;false
rev_483ae-a233e;moreThanTwoDevs;19;0;0;0;0;false;true
rev_7aff7-45174;moreThanTwoDevs;11;0;0;0;0;false;true
rev_45174-63314;moreThanTwoDevs;20;0;0;0;0;false;false
rev_a4c4d-c5393;moreThanTwoDevs;12;0;0;0;0;false;false
rev_c5393-56003;moreThanTwoDevs;7;0;0;0;0;false;false
rev_1b577-d88e7;moreThanTwoDevs;11;1;0;1;0;true;true
rev_e5862-27fc7;moreThanTwoDevs;19;2;0;0;0;true;true
rev_16bad-6180c;moreThanTwoDevs;11;0;0;0;0;false;false
rev_ddd20-c5810;moreThanTwoDevs;11;0;0;0;0;false;true
rev_750e5-81f17;moreThanTwoDevs;3;0;0;0;0;false;false
rev_aa506-1d6d9;moreThanTwoDevs;20;1;0;0;0;true;false
rev_72116-380c0;moreThanTwoDevs;12;0;0;0;0;false;true
rev_ff106-72116;moreThanTwoDevs;8;0;0;0;0;false;false
rev_380c0-d8dbf;moreThanTwoDevs;19;0;0;0;0;false;true
rev_cd447-4a277;moreThanTwoDevs;11;0;0;0;0;false;false
rev_c2754-a4a64;moreThanTwoDevs;12;0;0;0;0;false;false
rev_0f3b0-0904d;moreThanTwoDevs;9;0;0;0;0;false;false
rev_0904d-ed9c9;moreThanTwoDevs;11;0;0;0;0;false;false
rev_61b05-34655;moreThanTwoDevs;4;0;0;0;0;false;false
rev_82c3a-c5097;moreThanTwoDevs;20;0;0;0;0;false;true
rev_bcace-a7f2c;moreThanTwoDevs;12;0;0;0;0;false;false
rev_a5a11-70a5c;moreThanTwoDevs;20;0;0;0;0;false;false
rev_ddbc4-a9b2a;moreThanTwoDevs;20;0;0;0;0;false;false
rev_e145a-ddbc4;moreThanTwoDevs;12;0;0;0;0;false;true
rev_b5017-17abf;moreThanTwoDevs;7;0;0;0;0;false;false
rev_9483c-c4742;moreThanTwoDevs;12;0;0;0;0;false;false
rev_39dc4-a50b7;moreThanTwoDevs;20;1;0;0;0;true;false
rev_9cd42-9a91f;moreThanTwoDevs;12;0;0;0;0;false;false
rev_fc08e-32fbb;moreThanTwoDevs;5;0;0;0;0;false;false
rev_34019-de810;moreThanTwoDevs;3;0;0;0;0;false;false
rev_b0bd0-b07d0;moreThanTwoDevs;3;2;0;0;0;true;false
rev_b0bd0-9c80e;twoDevs;2;0;0;0;0;false;false
rev_81637-6437c;moreThanTwoDevs;20;0;0;0;0;false;true
rev_00436-a6b2f;moreThanTwoDevs;12;0;0;0;0;false;true
rev_6fd90-a0da8;moreThanTwoDevs;12;0;0;0;0;false;false
rev_7e7f1-23533;moreThanTwoDevs;6;0;0;0;0;false;true
rev_a0da8-cea5a;moreThanTwoDevs;20;1;0;1;0;true;false
rev_23533-c1d39;moreThanTwoDevs;12;0;0;0;0;false;false
rev_c1d39-e2212;moreThanTwoDevs;20;1;0;1;0;true;false
rev_8219a-b1a8c;moreThanTwoDevs;12;0;0;0;0;false;false
rev_7efb4-80183;moreThanTwoDevs;4;0;0;0;0;false;false
rev_80183-defab;moreThanTwoDevs;3;0;0;0;0;false;false
rev_6c886-1fc20;moreThanTwoDevs;6;0;0;0;0;false;false
rev_3bae7-b7f2b;moreThanTwoDevs;6;0;0;0;0;false;false
rev_68df3-0a2ec;moreThanTwoDevs;3;0;0;0;0;false;false
rev_29144-81300;twoDevs;2;0;0;0;0;false;false
rev_bbc37-7e381;twoDevs;2;0;0;0;0;false;false
rev_51325-4e238;twoDevs;2;0;0;0;0;false;false
rev_4e238-65752;moreThanTwoDevs;13;1;0;0;0;true;false
rev_31dd7-e46f6;twoDevs;2;0;0;0;0;false;false
rev_e46f6-0fb17;moreThanTwoDevs;13;0;0;0;0;false;false
rev_f3a40-b6936;twoDevs;2;0;0;0;0;false;false
rev_cda99-541ea;moreThanTwoDevs;13;0;0;0;0;false;false
rev_8382b-375ea;moreThanTwoDevs;4;0;0;0;0;false;false
rev_3bce0-9efbd;moreThanTwoDevs;8;0;0;0;0;false;false
rev_a91f7-27390;moreThanTwoDevs;7;0;0;0;0;false;false
rev_2bd98-27390;moreThanTwoDevs;15;4;1;4;1;true;true
rev_27390-79315;twoDevs;2;0;0;0;0;false;false
rev_541ea-4b9b6;moreThanTwoDevs;20;0;0;0;0;false;false
rev_9d75b-588d3;moreThanTwoDevs;13;0;0;0;0;false;true
rev_a7a51-f3632;moreThanTwoDevs;13;0;0;0;0;false;false
rev_d1b7f-2f038;moreThanTwoDevs;20;0;0;0;0;false;false
rev_c727f-b16ee;moreThanTwoDevs;13;0;0;0;0;false;false
rev_68a72-0b4d9;moreThanTwoDevs;21;0;0;0;0;false;true
rev_3d476-867e1;moreThanTwoDevs;15;0;0;0;0;false;false
rev_867e1-307d2;moreThanTwoDevs;21;15;0;0;0;true;true
rev_b8d0b-10691;moreThanTwoDevs;15;0;0;0;0;false;false
rev_10691-e018c;moreThanTwoDevs;20;8;0;3;0;true;false
rev_8f155-31f30;moreThanTwoDevs;15;0;0;0;0;false;false
rev_d8cc3-338e0;moreThanTwoDevs;15;4;0;0;0;true;false
rev_338e0-a29c6;moreThanTwoDevs;20;5;0;3;0;true;false
rev_bc6a9-fce9a;moreThanTwoDevs;15;0;0;0;0;false;false
rev_fce9a-9b4d8;moreThanTwoDevs;20;0;0;0;0;false;false
rev_e5aae-41dfd;moreThanTwoDevs;15;0;0;0;0;false;false
rev_a2f08-46894;moreThanTwoDevs;9;1;0;0;0;true;false
rev_4f441-235df;moreThanTwoDevs;9;1;0;0;0;true;false
rev_41dfd-f4c4f;moreThanTwoDevs;3;0;0;0;0;false;false
rev_1772f-7e2d5;moreThanTwoDevs;10;0;0;0;0;false;false
rev_c7ee3-afba0;moreThanTwoDevs;22;0;0;0;0;false;false
rev_ac65c-01982;moreThanTwoDevs;10;0;0;0;0;false;false
rev_162b1-d4256;moreThanTwoDevs;10;0;0;0;0;false;false
rev_a1a69-5a865;moreThanTwoDevs;10;0;0;0;0;false;false
rev_59f78-25c41;moreThanTwoDevs;10;0;0;0;0;false;false
rev_9713a-e46a6;moreThanTwoDevs;10;0;0;0;0;false;false
rev_df8b3-812aa;moreThanTwoDevs;22;1;0;0;0;true;false
rev_e9c03-f6b9f;moreThanTwoDevs;10;0;0;0;0;false;false
rev_0712a-5cb94;moreThanTwoDevs;10;0;0;0;0;false;false
rev_ec2dd-4e7de;moreThanTwoDevs;22;0;0;0;0;false;false
rev_89703-dd7ec;moreThanTwoDevs;10;0;0;0;0;false;false
rev_e995e-81c32;moreThanTwoDevs;10;0;0;0;0;false;false
rev_51f21-6ae87;moreThanTwoDevs;10;0;0;0;0;false;false
rev_60740-e946f;moreThanTwoDevs;10;0;0;0;0;false;false
rev_894c4-bee1c;moreThanTwoDevs;10;0;0;0;0;false;false
rev_7587e-ebd3b;moreThanTwoDevs;10;0;0;0;0;false;false
rev_7c043-72f05;moreThanTwoDevs;11;0;0;0;0;false;false
rev_bb21a-37efd;moreThanTwoDevs;23;0;0;0;0;false;false
rev_c98bc-4fc76;moreThanTwoDevs;17;0;0;0;0;false;false
rev_34e16-b3205;moreThanTwoDevs;16;0;0;0;0;false;false
rev_71ca2-2e2b7;moreThanTwoDevs;24;0;0;0;0;false;false
rev_dad34-c8420;moreThanTwoDevs;17;0;0;0;0;false;false
rev_95bef-0e113;moreThanTwoDevs;23;0;0;0;0;false;true
rev_e21bf-8ee64;moreThanTwoDevs;16;0;0;0;0;false;false
rev_98fac-7c4e1;moreThanTwoDevs;3;0;0;0;0;false;false
rev_a9645-f6213;moreThanTwoDevs;16;0;0;0;0;false;false
rev_f04d2-8ac17;moreThanTwoDevs;24;0;0;0;0;false;true
rev_d7afd-047ba;moreThanTwoDevs;16;0;0;0;0;false;true
rev_047ba-32672;moreThanTwoDevs;24;0;0;0;0;false;false
rev_5201f-91766;moreThanTwoDevs;16;2;0;0;0;true;false
rev_e2b15-80690;moreThanTwoDevs;24;0;0;0;0;false;false
rev_8b953-99b64;moreThanTwoDevs;16;0;0;0;0;false;false
rev_99b64-0121f;moreThanTwoDevs;24;2;0;2;0;true;false
rev_2716a-39559;moreThanTwoDevs;16;0;0;0;0;false;false
rev_39559-0538a;moreThanTwoDevs;24;0;0;0;0;false;false
rev_e30ad-99c35;moreThanTwoDevs;24;6;1;0;0;true;true
rev_01e2b-04674;moreThanTwoDevs;24;0;0;0;0;false;true
rev_3bb21-9d2ec;moreThanTwoDevs;16;1;0;0;0;true;false
rev_d203a-8b5dc;moreThanTwoDevs;13;7;1;5;1;true;true
rev_60e1e-c5dd6;moreThanTwoDevs;13;4;0;0;0;true;true
rev_8ec08-5d35a;moreThanTwoDevs;24;0;0;0;0;false;true
rev_89961-3e354;moreThanTwoDevs;16;0;0;0;0;false;true
rev_b21da-0b935;moreThanTwoDevs;9;0;0;0;0;false;false
rev_0b935-84ba5;moreThanTwoDevs;16;0;0;0;0;false;false
rev_d1d74-1f147;moreThanTwoDevs;8;0;0;0;0;false;false
rev_1f147-a7fa0;moreThanTwoDevs;16;0;0;0;0;false;false
rev_970c4-b63db;moreThanTwoDevs;24;1;0;0;0;true;true
rev_7d69d-3fdcb;moreThanTwoDevs;16;0;0;0;0;false;false
rev_3fdcb-e12d0;moreThanTwoDevs;24;0;0;0;0;false;true
rev_b4744-811f1;moreThanTwoDevs;25;0;0;0;0;false;false
rev_5964e-4f6a8;moreThanTwoDevs;17;0;0;0;0;false;true
rev_edc3a-9e027;moreThanTwoDevs;11;3;0;1;0;true;false
rev_9e027-0e7d8;twoDevs;2;0;0;0;0;false;false
rev_777ee-07eb2;moreThanTwoDevs;17;0;0;0;0;false;false
rev_40ed9-931e3;moreThanTwoDevs;10;0;0;0;0;false;false
rev_cd542-e9102;moreThanTwoDevs;9;0;0;0;0;false;false
rev_4927a-cec64;moreThanTwoDevs;18;1;0;0;0;true;false
rev_32e26-0f825;moreThanTwoDevs;11;0;0;0;0;false;false
rev_0f825-55048;moreThanTwoDevs;17;0;0;0;0;false;false
rev_ee059-8554b;moreThanTwoDevs;10;0;0;0;0;false;false
rev_8554b-33e4d;moreThanTwoDevs;17;5;0;0;0;true;false
rev_a6eca-3e595;moreThanTwoDevs;10;0;0;0;0;false;false
rev_3e595-de850;moreThanTwoDevs;6;0;0;0;0;false;false
rev_07af5-159d4;moreThanTwoDevs;25;0;0;0;0;false;true
rev_d5cb9-38d52;moreThanTwoDevs;17;0;0;0;0;false;true
rev_a6655-d928d;moreThanTwoDevs;13;0;0;0;0;false;false
rev_38d52-868c5;moreThanTwoDevs;25;0;0;0;0;false;false
rev_d928d-f0de1;moreThanTwoDevs;17;0;0;0;0;false;false
rev_e173b-6f31b;moreThanTwoDevs;10;0;0;0;0;false;false
rev_d4c83-9e7f6;moreThanTwoDevs;25;0;0;0;0;false;false
rev_6f31b-50738;moreThanTwoDevs;18;3;1;0;0;true;true
rev_973f4-05602;moreThanTwoDevs;12;0;0;0;0;false;false
rev_45b05-9e37c;moreThanTwoDevs;8;0;0;0;0;false;false
rev_05602-6e207;moreThanTwoDevs;18;0;0;0;0;false;false
rev_1c43b-0bec9;moreThanTwoDevs;12;1;0;1;0;true;false
rev_0bec9-aa55a;moreThanTwoDevs;17;0;0;0;0;false;true
rev_7293f-68d06;moreThanTwoDevs;13;0;0;0;0;false;false
rev_1609b-1fb3d;moreThanTwoDevs;6;0;0;0;0;false;false
rev_68d06-25cc6;moreThanTwoDevs;18;0;0;0;0;false;false
rev_00758-bb4ed;moreThanTwoDevs;12;0;0;0;0;false;false
rev_bb4ed-539f8;moreThanTwoDevs;18;0;0;0;0;false;false
rev_4e882-b40e1;moreThanTwoDevs;12;0;0;0;0;false;false
rev_b40e1-1f4ec;moreThanTwoDevs;17;0;0;0;0;false;false
rev_5a688-27d1d;moreThanTwoDevs;12;0;0;0;0;false;false
rev_7113b-41e15;moreThanTwoDevs;11;0;0;0;0;false;false
rev_27d1d-37e36;moreThanTwoDevs;17;0;0;0;0;false;false
rev_7c3e2-7970c;moreThanTwoDevs;13;0;0;0;0;false;false
rev_7970c-106b2;moreThanTwoDevs;17;0;0;0;0;false;false
rev_b982a-21be6;moreThanTwoDevs;14;0;0;0;0;false;false
rev_a85af-f8715;moreThanTwoDevs;13;0;0;0;0;false;false
rev_cd605-15b31;moreThanTwoDevs;10;0;0;0;0;false;false
rev_cecea-0e930;twoDevs;2;0;0;0;0;false;false
rev_21be6-85671;moreThanTwoDevs;18;2;0;0;0;true;false
rev_4fb2f-cc1e6;moreThanTwoDevs;14;2;0;0;0;true;false
rev_0e367-223ab;twoDevs;2;0;0;0;0;false;false
rev_9bc73-23569;twoDevs;2;0;0;0;0;false;false
rev_7a788-90b37;moreThanTwoDevs;5;0;0;0;0;false;false
rev_48392-b0b22;moreThanTwoDevs;14;0;0;0;0;false;false
rev_02880-40c96;moreThanTwoDevs;13;0;0;0;0;false;false
rev_398d9-a242e;moreThanTwoDevs;5;0;0;0;0;false;false
rev_2039c-131e0;moreThanTwoDevs;27;0;0;0;0;false;false
rev_9a7cb-3807a;moreThanTwoDevs;27;0;0;0;0;false;true
rev_951d6-e077c;moreThanTwoDevs;27;0;0;0;0;false;true
rev_4ef8e-f434e;twoDevs;2;0;0;0;0;false;false
rev_6787a-52613;moreThanTwoDevs;8;0;0;0;0;false;false
rev_98988-980f9;moreThanTwoDevs;13;0;0;0;0;false;false
rev_9bba6-980f9;moreThanTwoDevs;4;0;0;0;0;false;false
rev_164a4-ace58;moreThanTwoDevs;4;0;0;0;0;false;false
rev_ace58-5cfa5;moreThanTwoDevs;4;0;0;0;0;false;false
rev_92a1d-69da3;moreThanTwoDevs;5;0;0;0;0;false;false
rev_68f60-a43cc;moreThanTwoDevs;27;0;0;0;0;false;false
rev_66003-e63ab;moreThanTwoDevs;5;0;0;0;0;false;false
rev_81f40-e63ab;moreThanTwoDevs;7;0;0;0;0;false;false
rev_63aa5-a66df;moreThanTwoDevs;3;0;0;0;0;false;false
rev_a5b65-a885d;moreThanTwoDevs;7;0;0;0;0;false;false
rev_3b938-eaf10;moreThanTwoDevs;6;0;0;0;0;false;false
rev_26ad5-f7700;twoDevs;2;0;0;0;0;false;false
rev_564b8-0cffd;moreThanTwoDevs;8;1;0;1;0;true;false
rev_3344f-0cffd;moreThanTwoDevs;4;0;0;0;0;false;false
rev_df19a-5282e;moreThanTwoDevs;6;0;0;0;0;false;false
rev_81535-132ac;moreThanTwoDevs;8;2;1;1;0;true;false
rev_13deb-00625;moreThanTwoDevs;6;0;0;0;0;false;false
rev_933df-5208c;moreThanTwoDevs;5;0;0;0;0;false;false
rev_93596-dba57;moreThanTwoDevs;9;1;1;0;0;true;false
rev_331a7-c684c;moreThanTwoDevs;3;0;0;0;0;false;false
rev_049f1-89fb8;moreThanTwoDevs;4;0;0;0;0;false;false
rev_f4663-247f4;moreThanTwoDevs;20;0;0;0;0;false;false
rev_ecf28-0ee8a;moreThanTwoDevs;28;0;0;0;0;false;false
rev_42a1c-b4db4;moreThanTwoDevs;10;0;0;0;0;false;false
rev_28afd-6658c;twoDevs;2;0;0;0;0;false;false
rev_4ed7d-af8e3;moreThanTwoDevs;6;0;0;0;0;false;false
rev_3f8d9-6d46f;moreThanTwoDevs;5;0;0;0;0;false;false
rev_707cd-6a919;moreThanTwoDevs;5;0;0;0;0;false;false
rev_2e1ff-7d560;moreThanTwoDevs;4;0;0;0;0;false;false
rev_fbd6a-f71d1;moreThanTwoDevs;28;3;0;1;0;true;false
rev_49945-0ebae;moreThanTwoDevs;28;0;0;0;0;false;false
rev_8a07e-37d84;moreThanTwoDevs;8;0;0;0;0;false;false
rev_0ebae-558d5;twoDevs;2;0;0;0;0;false;false
rev_7c7c1-5c5f2;moreThanTwoDevs;29;0;0;0;0;false;false
rev_f3b02-dae7d;moreThanTwoDevs;28;0;0;0;0;false;false
rev_00a24-bcd28;moreThanTwoDevs;5;0;0;0;0;false;false
rev_bcd28-31c7f;moreThanTwoDevs;3;0;0;0;0;false;false
rev_18eb2-2c850;moreThanTwoDevs;5;0;0;0;0;false;false
rev_50180-09e3a;moreThanTwoDevs;5;0;0;0;0;false;false
rev_3330b-8a6e5;moreThanTwoDevs;5;0;0;0;0;false;false
rev_1f5d9-775b8;moreThanTwoDevs;5;0;0;0;0;false;false
rev_775b8-62688;oneDev;1;0;0;0;0;false;false
rev_91102-8a244;oneDev;1;0;0;0;0;false;false
rev_dfd8b-3b29d;moreThanTwoDevs;3;0;0;0;0;false;false
rev_3b29d-bf06c;moreThanTwoDevs;8;0;0;0;0;false;false
rev_40dc1-d09eb;moreThanTwoDevs;4;0;0;0;0;false;false
rev_0d33b-b5f11;moreThanTwoDevs;5;0;0;0;0;false;false
rev_f4010-f0412;moreThanTwoDevs;3;0;0;0;0;false;false
rev_eed00-f751a;moreThanTwoDevs;4;0;0;0;0;false;false
rev_f3a85-7ae0b;moreThanTwoDevs;9;0;0;0;0;false;false
rev_6cfb5-efe53;moreThanTwoDevs;7;0;0;0;0;false;false
rev_b5732-aca8d;moreThanTwoDevs;3;0;0;0;0;false;false
rev_29b8a-02833;moreThanTwoDevs;8;0;0;0;0;false;false
rev_23eca-b8a60;moreThanTwoDevs;6;0;0;0;0;false;false
rev_c9d6e-c8315;moreThanTwoDevs;10;0;0;0;0;false;false
rev_89e19-d932b;moreThanTwoDevs;13;0;0;0;0;false;false
rev_83c81-65850;moreThanTwoDevs;12;0;0;0;0;false;false
rev_3d739-3f73d;moreThanTwoDevs;12;0;0;0;0;false;false
rev_1fdd9-75ccb;moreThanTwoDevs;12;0;0;0;0;false;false
rev_03b94-4adc6;twoDevs;2;0;0;0;0;false;false
rev_a6e2e-e014c;moreThanTwoDevs;12;0;0;0;0;false;false
rev_4043d-d5a06;moreThanTwoDevs;11;0;0;0;0;false;false
rev_e30bd-0f104;moreThanTwoDevs;14;0;0;0;0;false;false
rev_206ce-e65bf;moreThanTwoDevs;13;0;0;0;0;false;false
rev_0b95a-c9864;twoDevs;2;0;0;0;0;false;false
rev_7bb6f-f74e3;twoDevs;2;0;0;0;0;false;false
rev_3c4ef-c7539;twoDevs;2;0;0;0;0;false;false
rev_69916-020f9;twoDevs;2;0;0;0;0;false;false
rev_9e42d-37e05;twoDevs;2;0;0;0;0;false;false
rev_78543-83132;oneDev;1;0;0;0;0;false;false
rev_63c8e-887ec;moreThanTwoDevs;3;0;0;0;0;false;false
rev_5cb9b-01d47;moreThanTwoDevs;15;0;0;0;0;false;false
rev_01d47-181af;moreThanTwoDevs;3;0;0;0;0;false;false
rev_b5969-4a89d;moreThanTwoDevs;3;0;0;0;0;false;false
rev_68dd4-96870;moreThanTwoDevs;3;0;0;0;0;false;false
rev_613ce-f206c;moreThanTwoDevs;8;0;0;0;0;false;false
rev_0a822-bbbba;moreThanTwoDevs;3;0;0;0;0;false;false
rev_505f2-82873;moreThanTwoDevs;7;0;0;0;0;false;false
rev_8684c-99a39;twoDevs;2;0;0;0;0;false;false
rev_f5821-b1a68;moreThanTwoDevs;3;0;0;0;0;false;false
rev_c24f6-f5821;moreThanTwoDevs;9;0;0;0;0;false;false
rev_fb1d7-34b32;twoDevs;2;0;0;0;0;false;false
rev_dbb8a-dca9f;moreThanTwoDevs;3;0;0;0;0;false;false
rev_b4f73-6fbb1;moreThanTwoDevs;4;0;0;0;0;false;false
rev_e98df-f8ef7;twoDevs;2;0;0;0;0;false;false
rev_049f5-24b92;moreThanTwoDevs;3;0;0;0;0;false;false
rev_702ed-9b5d5;moreThanTwoDevs;15;0;0;0;0;false;false
rev_5e084-4c27c;moreThanTwoDevs;7;0;0;0;0;false;false
rev_c67a6-5910f;twoDevs;2;0;0;0;0;false;false
rev_fc7cc-1c7bf;moreThanTwoDevs;6;0;0;0;0;false;false
rev_1c7bf-42b19;oneDev;1;0;0;0;0;false;false
rev_e7c7c-d0ba7;twoDevs;2;0;0;0;0;false;false
rev_20b89-b5c0e;moreThanTwoDevs;4;0;0;0;0;false;false
rev_0c65c-e408c;oneDev;1;0;0;0;0;false;false
rev_0162c-1c7bf;moreThanTwoDevs;17;4;0;3;0;true;true
rev_712b4-0fdf3;twoDevs;2;0;0;0;0;false;false
rev_62bee-2b19d;moreThanTwoDevs;3;0;0;0;0;false;false
rev_664dc-c9106;moreThanTwoDevs;12;0;0;0;0;false;false
rev_582c9-5535e;moreThanTwoDevs;6;0;0;0;0;false;false
rev_d3bd8-b280f;moreThanTwoDevs;7;0;0;0;0;false;false
rev_960e2-a1df4;moreThanTwoDevs;6;0;0;0;0;false;false
rev_5b193-6192a;moreThanTwoDevs;3;0;0;0;0;false;false
rev_d0549-cc072;moreThanTwoDevs;8;0;0;0;0;false;false
rev_ed3c8-4b9c7;moreThanTwoDevs;9;0;0;0;0;false;false
rev_1c4c2-62efe;moreThanTwoDevs;3;0;0;0;0;false;false
rev_85595-0876b;moreThanTwoDevs;6;0;0;0;0;false;false
rev_0876b-9d38e;moreThanTwoDevs;6;0;0;0;0;false;false
rev_e6af3-70c43;moreThanTwoDevs;4;0;0;0;0;false;false
rev_212da-149c2;moreThanTwoDevs;15;0;0;0;0;false;false
rev_7d398-a244d;moreThanTwoDevs;8;0;0;0;0;false;false
rev_7b3f8-ee4e6;moreThanTwoDevs;6;0;0;0;0;false;false
rev_4bead-ae347;moreThanTwoDevs;4;0;0;0;0;false;false
rev_ee613-8e574;moreThanTwoDevs;12;0;0;0;0;false;false
rev_5ff20-671e7;twoDevs;2;0;0;0;0;false;false
rev_b2319-9472e;twoDevs;2;0;0;0;0;false;false
rev_d8d78-95e3e;twoDevs;2;0;0;0;0;false;false
rev_95e3e-1e5f7;twoDevs;2;0;0;0;0;false;false
rev_02b1a-b8a4a;twoDevs;2;0;0;0;0;false;false
rev_076dc-6da3f;moreThanTwoDevs;3;0;0;0;0;false;false
rev_795a5-c6a7d;moreThanTwoDevs;14;0;0;0;0;false;false
rev_ee3fd-f8fd7;moreThanTwoDevs;3;0;0;0;0;false;false
rev_dae7d-e6389;twoDevs;2;0;0;0;0;false;false
rev_3c14a-94594;moreThanTwoDevs;3;0;0;0;0;false;false
rev_7ca11-68559;moreThanTwoDevs;29;0;0;0;0;false;true
rev_640a8-6c0e7;moreThanTwoDevs;4;0;0;0;0;false;false
rev_5706f-19a55;moreThanTwoDevs;3;0;0;0;0;false;false
rev_fb9fa-534bd;moreThanTwoDevs;14;0;0;0;0;false;false
rev_534bd-1bb53;oneDev;1;0;0;0;0;false;false
rev_50cbf-22c6e;twoDevs;2;0;0;0;0;false;false
rev_e7885-b094e;twoDevs;2;0;0;0;0;false;false
rev_d4fc2-6b45b;moreThanTwoDevs;5;0;0;0;0;false;false
rev_f55f8-85ece;moreThanTwoDevs;6;0;0;0;0;false;false
rev_27247-f5fea;moreThanTwoDevs;7;0;0;0;0;false;false
rev_36838-f3282;moreThanTwoDevs;7;0;0;0;0;false;false
rev_f3b83-26760;twoDevs;2;0;0;0;0;false;false
rev_4a616-8b296;twoDevs;2;0;0;0;0;false;false
rev_9487e-bf2a4;twoDevs;2;0;0;0;0;false;false
rev_552c8-ea037;moreThanTwoDevs;3;0;0;0;0;false;false
rev_751e3-a5da6;moreThanTwoDevs;4;0;0;0;0;false;false
rev_2f0b5-5459d;moreThanTwoDevs;5;0;0;0;0;false;false
rev_d94eb-f301e;moreThanTwoDevs;3;0;0;0;0;false;false
rev_fc96c-5fa39;moreThanTwoDevs;5;0;0;0;0;false;false
rev_2be91-25b63;moreThanTwoDevs;4;0;0;0;0;false;false
rev_1f623-b6a4b;twoDevs;2;0;0;0;0;false;false
rev_5f856-8e742;moreThanTwoDevs;7;0;0;0;0;false;false
rev_8e742-881eb;oneDev;1;0;0;0;0;false;false
rev_1430b-d6528;oneDev;1;0;0;0;0;false;false
rev_33cdd-879d0;twoDevs;2;0;0;0;0;false;false
rev_ff0d2-8e1dc;twoDevs;2;0;0;0;0;false;false
rev_fe9ed-3deb7;twoDevs;2;0;0;0;0;false;false
rev_c8430-f9fab;moreThanTwoDevs;4;0;0;0;0;false;false
rev_badf8-855e7;moreThanTwoDevs;3;0;0;0;0;false;false
rev_68d19-49d04;moreThanTwoDevs;3;0;0;0;0;false;false
rev_39f09-9289b;moreThanTwoDevs;3;0;0;0;0;false;false
rev_22cc4-48f5d;moreThanTwoDevs;3;0;0;0;0;false;false
rev_8e6ee-14639;moreThanTwoDevs;4;0;0;0;0;false;false
rev_f2c2d-8db9d;moreThanTwoDevs;4;0;0;0;0;false;false
rev_842b9-64628;moreThanTwoDevs;4;0;0;0;0;false;false
rev_f8db3-71385;moreThanTwoDevs;5;0;0;0;0;false;false
rev_d36f8-f9e46;moreThanTwoDevs;5;0;0;0;0;false;false
rev_f7d3c-96d83;moreThanTwoDevs;5;0;0;0;0;false;false
rev_c94fb-08e93;moreThanTwoDevs;7;0;0;0;0;false;false
rev_665c5-da4ab;moreThanTwoDevs;6;0;0;0;0;false;false
rev_8886e-2f970;moreThanTwoDevs;8;0;0;0;0;false;false
rev_416b3-d9913;moreThanTwoDevs;3;0;0;0;0;false;false
rev_9bd6a-67dad;moreThanTwoDevs;4;0;0;0;0;false;false
rev_a03c9-1ccfa;moreThanTwoDevs;5;0;0;0;0;false;false
rev_a51b2-95067;oneDev;1;0;0;0;0;false;false
rev_c2feb-5d989;twoDevs;2;0;0;0;0;false;false
rev_fdc7d-1178a;moreThanTwoDevs;3;0;0;0;0;false;false
rev_9d839-70fb6;moreThanTwoDevs;7;0;0;0;0;false;false
rev_8a290-8fb8a;moreThanTwoDevs;8;0;0;0;0;false;false
rev_55cb1-67898;moreThanTwoDevs;6;0;0;0;0;false;false
rev_d3f5e-97129;twoDevs;2;0;0;0;0;false;false
rev_5892c-3702c;twoDevs;2;0;0;0;0;false;false
rev_bbf63-28e3b;moreThanTwoDevs;6;0;0;0;0;false;false
rev_ae8fb-edfef;twoDevs;2;0;0;0;0;false;false
rev_d87e9-bdab5;oneDev;1;0;0;0;0;false;false
rev_b2cfc-a5930;moreThanTwoDevs;15;0;0;0;0;false;false
rev_9e1f3-6d48d;moreThanTwoDevs;3;0;0;0;0;false;false
rev_d0815-4fec0;moreThanTwoDevs;7;0;0;0;0;false;false
rev_4e7b8-5927f;moreThanTwoDevs;3;0;0;0;0;false;false
rev_7c729-83a21;moreThanTwoDevs;3;0;0;0;0;false;false
rev_1996e-8f0a5;moreThanTwoDevs;4;0;0;0;0;false;false
rev_95ef5-ecb36;moreThanTwoDevs;4;0;0;0;0;false;false
rev_badff-b3537;moreThanTwoDevs;4;0;0;0;0;false;false
rev_e770e-3730e;moreThanTwoDevs;5;0;0;0;0;false;false
rev_3730e-eb354;moreThanTwoDevs;6;0;0;0;0;false;false
rev_7c770-3730e;moreThanTwoDevs;5;0;0;0;0;false;false
rev_0d785-e6ec2;moreThanTwoDevs;4;0;0;0;0;false;false
rev_97933-70e63;moreThanTwoDevs;4;0;0;0;0;false;false
rev_0e5bf-e4080;moreThanTwoDevs;6;0;0;0;0;false;false
rev_89c6b-5ea1f;twoDevs;2;0;0;0;0;false;false
rev_144c7-3e37f;moreThanTwoDevs;7;0;0;0;0;false;false
rev_cfde2-98f5f;moreThanTwoDevs;7;0;0;0;0;false;false
rev_e0101-b141b;moreThanTwoDevs;7;0;0;0;0;false;false
rev_78d95-5fb0b;moreThanTwoDevs;3;0;0;0;0;false;false
rev_1a5ce-2a828;twoDevs;2;0;0;0;0;false;false
rev_72a23-b47fd;moreThanTwoDevs;3;0;0;0;0;false;false
rev_899d2-00d25;oneDev;1;0;0;0;0;false;false
rev_56fa7-df586;oneDev;1;0;0;0;0;false;false
rev_6f6ed-6849c;moreThanTwoDevs;3;0;0;0;0;false;false
rev_95d58-e4a57;moreThanTwoDevs;4;0;0;0;0;false;false
rev_c6bb4-c8683;moreThanTwoDevs;4;0;0;0;0;false;false
rev_b57cf-8fb7f;moreThanTwoDevs;3;0;0;0;0;false;false
rev_f93ff-c560b;twoDevs;2;0;0;0;0;false;false
rev_90243-8852d;oneDev;1;0;0;0;0;false;false
rev_2038e-bebeb;moreThanTwoDevs;5;0;0;0;0;false;false
rev_d0100-8baee;moreThanTwoDevs;4;0;0;0;0;false;false
rev_7a41f-2402b;moreThanTwoDevs;3;0;0;0;0;false;false
rev_e076a-157f0;moreThanTwoDevs;5;0;0;0;0;false;false
rev_0eec7-ec078;twoDevs;2;0;0;0;0;false;false
rev_38f33-29cde;oneDev;1;0;0;0;0;false;false
rev_e7524-7291c;twoDevs;2;0;0;0;0;false;false
rev_1a302-8e5f6;oneDev;1;0;0;0;0;false;false
rev_e7c83-dcb92;moreThanTwoDevs;3;0;0;0;0;false;false
rev_f00d9-c6930;moreThanTwoDevs;8;0;0;0;0;false;false
rev_894e1-e7c83;moreThanTwoDevs;6;0;0;0;0;false;false
rev_48388-4f424;moreThanTwoDevs;16;0;0;0;0;false;true
rev_4f424-fad7e;twoDevs;2;0;0;0;0;false;false
rev_f9519-c24dc;oneDev;1;0;0;0;0;false;false
rev_03ef1-84663;moreThanTwoDevs;3;0;0;0;0;false;false
rev_2961e-7e50b;moreThanTwoDevs;6;0;0;0;0;false;false
rev_34b56-1709f;moreThanTwoDevs;4;0;0;0;0;false;false
rev_6d0bc-ee06b;oneDev;1;0;0;0;0;false;false
rev_693f4-84214;oneDev;1;0;0;0;0;false;false
rev_12d10-04c97;moreThanTwoDevs;3;0;0;0;0;false;false
rev_66655-9785a;twoDevs;2;0;0;0;0;false;false
rev_e7283-4c7ed;moreThanTwoDevs;3;0;0;0;0;false;false
rev_af038-5bde9;moreThanTwoDevs;3;0;0;0;0;false;false
rev_e980e-619f8;moreThanTwoDevs;4;0;0;0;0;false;false
rev_5f8c1-f29ad;moreThanTwoDevs;9;0;0;0;0;false;false
rev_9f58a-140f2;moreThanTwoDevs;4;0;0;0;0;false;false
rev_fb004-87565;moreThanTwoDevs;5;0;0;0;0;false;false
rev_f403a-589c1;moreThanTwoDevs;4;0;0;0;0;false;false
rev_37ce7-cf786;twoDevs;2;0;0;0;0;false;false
rev_07d79-42b35;moreThanTwoDevs;20;0;0;0;0;false;false
rev_2e4c6-d292b;moreThanTwoDevs;3;0;0;0;0;false;false
rev_a197e-0e785;moreThanTwoDevs;4;0;0;0;0;false;false
